name,story,ynet,front
יהונתן אהרן שטיינברג,"מפקד חטיבת הנח""ל.",נהרג בכרם שלום,עוטף עזה
עידו אדרי,קצין בחיל הרגלים.,נרצח במסיבה ברעים,נרצח כאזרח
אמיר פישר,לוחם ביחידת דובדבן.,"לוחם בדובדבן, נהרג בקרב בכפר עזה",עוטף עזה
עדי גרומן,"לוחמת איסוף קרבי בגדוד 414. הועלתה מדרגת רב""ט לדרגת סמל לאחר מותה.","לוחמת איסוף קרבי, נהרגה בלחימה",עוטף עזה
אור יוסף רן,"מפקד צוות ביחידת דובדבן. הועלה מדרגת סרן לדרגת רס""ן לאחר מותו.","מפקד בדובדבן, נהרג בכפר עזה",עוטף עזה
חן בוכריס,סגן מפקד יחידת מגלן.,"סגן מפקד מגלן, נהרג בנחל עוז",עוטף עזה
נתנאל יאנג,"לוחם בגדוד 13 שבחטיבת גולני. הועלה מדרגת רב""ט לדרגת סמל לאחר מותו.","לוחם בגולני, נהרג בלחימה",עוטף עזה
יואב מלייב,"סגן קשר""ג בגדוד 77. הועלה מדרגת סג""ם לדרגת סגן לאחר מותו.",נהרג בקרבות בזיקים,עוטף עזה
עידו הרוש,לוחם שריון בגדוד 77 שבעוצבת 'סער מגולן' (7).,נהרג במוצב יפתח,עוטף עזה
יפתח יעבץ,קצין ביחידת מגלן. הועלה מדרגת סגן לדרגת סרן לאחר מותו.,"קצין במגלן, נהרג בלחימה",עוטף עזה
נעמה בוני,"מש""קית ת""ש בגדוד 77. הועלתה מדרגת טוראי לדרגת רב""ט לאחר מותה.",נהרגה במוצב יפתח,עוטף עזה
נריה אהרון נגרי,"לוחם חילוץ והצלה בבא""ח העורף. הועלה מדרגת טוראי לדרגת רב""ט לאחר מותו.","נהרג בבא""ח העורף",עוטף עזה
גיא בזק,"לוחם בגדוד 51. הועלה מדרגת רב""ט לדרגת סמל לאחר מותו.","לוחם בגולני, נהרג בלחימה",עוטף עזה
יובל בן יעקב,לוחם שריון בגדוד 77 שבעוצבת 'סער מגולן' (7).,נהרג במוצב יפתח,עוטף עזה
עדן אלון לוי,"מ""כית בבא""ח העורף. הועלתה מדרגת סמל לדרגת סמ""ר לאחר מותה.","נהרגה בבא""ח העורף",עוטף עזה
דביר לישה,"לוחם בגדוד 51. הועלה מדרגת רב""ט לדרגת סמל לאחר מותו.","לוחם בגולני, נהרג בלחימה",עוטף עזה
עומרי ניב פיירשטיין,"לוחם חילוץ והצלה בבא""ח העורף.","נהרג בבא""ח העורף",עוטף עזה
אור מוזס,"ס' מ""פ בבא""ח העורף. הועלתה מדרגת סגן לדרגת סרן לאחר מותה.",נהרגה בבסיס זיקים,עוטף עזה
ינאי קמינקא,"מפקד מחלקה בבא""ח העורף. הועלה מדרגת סג""ם לדרגת סגן לאחר מותו.","נהרג בבא""ח העורף",עוטף עזה
אפיק רוזנטל,"לוחם ביחידת מגל""ן. הועלה מדרגת סמל לדרגת סמ""ר לאחר מותו.","לוחם במגלן, נהרג בלחימה",עוטף עזה
סהר ציון מחלוף,"מג""ד תקשוב 481.",נהרג באוגדת עזה,עוטף עזה
אור אסתו,"נגד לוגיסטיקה בגדוד 51. הועלה מדרגת סמל לדרגת סמ""ר לאחר מותו.","נגד לוגיסטיקה בגולני, נהרג בלחימה",עוטף עזה
אדר בן סימון,"מפקדת מחלקה בבא""ח העורף. הועלתה מדרגת סג""ם לדרגת סגן לאחר מותה.","נהרגה בבא""ח העורף",עוטף עזה
אופיר ציוני,"מ""כ בגדוד 51 שבחטיבת גולני. הועלה מדרגת סמל לדרגת סמ""ר לאחר מותו.","מ""כ בגולני, נהרג בלחימה",עוטף עזה
יותם בן בסט,מפקד צוות ביחידה הרב מימדית.,נהרג בקרב בקיבוץ רעים,עוטף עזה
אדיר עבודי,"מ""פ בבא""ח העורף. הועלה מדרגת סרן לדרגת רס""ן לאחר מותו.","נהרג בבא""ח העורף",עוטף עזה
ירון זהר,"לוחם בגדוד 13 שבחטיבת גולני. הועלה מדרגת רב""ט לדרגת סמל לאחר מותו.","לוחם בגולני, נהרג בקרב",עוטף עזה
יהונתן (ברנש) צור,"מג""ד סיירת נח""ל.","מג""ד הנח""ל, נהרג בדרך לכרם שלום",עוטף עזה
איתי אליהו מרציאנו,"סמל מחלקה בבא""ח צנחנים. הועלה מדרגת סמל לדרגת סמ""ר לאחר מותו.",נהרג בלחימה בשדרות,עוטף עזה
אברהם חובלאשוילי,"סמג""ד קרקל.","סמג""ד קרקל, נהרג בקרב",עוטף עזה
איתי מאור,מפקד מחלקה בגדוד 51 שבחטיבת גולני. הועלה מדרגת סגן לדרגת סרן לאחר מותו.,"מ""מ בגולני, נהרג בקרב",עוטף עזה
אילי גמזו,"מפקד כיתה בבא""ח צנחנים.",נהרג בקרב בשדרות,עוטף עזה
אופיר דוידיאן,"חיילת בלוגיסטיקה בפיקוד העורף. הועלתה מדרגת טוראי לדרגת רב""ט לאחר מותה.",נהרגה בבסיס אורים,עוטף עזה
אורי לוקר,"לוחם בגדוד 51 שבחטיבת גולני. הועלה מדרגת רב""ט לדרגת סמל לאחר מותו.","לוחם בגולני, נהרג בקרב בזיקים",עוטף עזה
אריה שלמה צירינג,"מ""פ תקיפה ביחידת עוקץ. הועלה מדרגת סרן לדרגת רס""ן לאחר מותו.","מ""פ בעוקץ, נהרג בקרב",עוטף עזה
אהד כהן,"לוחם ביחידת שלדג. הועלה מדרגת סמ""ר לדרגת רס""ל לאחר מותו.","לוחם בשלדג, נהרג בקרב בבארי",עוטף עזה
רועי יוסף לוי,מפקד היחידה הרב-מימדית.,"מפקד היחידה הרב ממדית, נהרג בקרב ברעים",עוטף עזה
תומר שוהם,"מפקד מחלקה בסיירת נח""ל. הועלה מדרגת סגן לדרגת סרן לאחר מותו.","מ""מ בנח""ל, נהרג בקרב בכרם שלום",עוטף עזה
עידו יהושע,מפקד פלגה ביחידת שלדג.,"מפקד בביה""ס לכוחות אוויר מיוחדים, נהרג בקרב",עוטף עזה
עמרי מיכאלי,לוחם ביחידת דובדבן.,נרצח בכפר עזה,נרצח כאזרח
ויטלי סקיפקביץ',לוחם ביחידת אגוז.,"לוחם באגוז, נהרג בקרב בשדרות",עוטף עזה
איתמר עיש,שירת במחוז דרום של פיקוד העורף,נהרג בבסיס אורים,עוטף עזה
רום שלומי,מפקד מחלקת סיור ביחידת שלדג. הועלה מדרגת סגן לדרגת סרן לאחר מותו.,"מפקד בשלדג, נהרג בקרב",עוטף עזה
טל גרושקה,"מפקד פלוגה בגדוד 931 שבחטיבת הנח""ל. הועלה מדרגת סרן לדרגת רס""ן לאחר מותו.","מ""פ בנח""ל, נהרג בקרב בשדרות",עוטף עזה
אריאל אליהו,"לוחם שריון בגדוד 77 שבעוצבת 'סער מגולן' (7). הועלה מדרגת רב""ט לדרגת סמל לאחר מותו.","לוחם בשריון, נהרג ברעים",עוטף עזה
גיא שמחי,לוחם בסיירת צנחנים.,"לוחם בצנחנים, נהרג ברעים",עוטף עזה
אדיר גאורי,"לוחם בסיירת מטכ""ל. הועלה מדרגת סמ""ר לדרגת סגן לאחר מותו.","לוחם בסיירת מטכ""ל, נהרג בקרב",עוטף עזה
רועי וייזר,לוחם בגדוד 13 שבחטיבת גולני.,"לוחם בגולני, נהרג בקרב",עוטף עזה
אור מזרחי,"לוחם בסיירת נח""ל.","לוחם בנח""ל, נהרג בקרב",עוטף עזה
עמית גואטה,"לוחם ביחידת מגלן. הועלה מדרגת רב""ט לדרגת סמל לאחר מותו.","לוחם במגלן, נהרג בקרב",עוטף עזה
עידו רוזנטל,"לוחם בשלדג. הועלה מדרגת רס""ב לדרגת רנ""ג לאחר מותו.","לוחם בשלדג, נהרג בקרב בעלומים",עוטף עזה
דנית כהן,"סמב""צית במפקדת מחוז דרום. הועלתה מדרגת רב""ט לדרגת סמל לאחר מותה.","סמב""צית, נהרגה במפקדת מחוז דרום",עוטף עזה
אהרון פרש,"בוחן צ""י בטנ""א מחוז דרום.",נהרג בבסיס,עוטף עזה
אמיר סקורי,"לוחם בסיירת מטכ""ל.","לוחם בסיירת מטכ""ל, נהרג בקרב בבארי",עוטף עזה
שילה כהן,מפקד צוות ביחידת שלדג. הועלה מדרגת סגן לדרגת סרן לאחר מותו.,"לוחם בשלדג, נהרג בקרב בבארי",עוטף עזה
אריאל בן משה,"מפקד פלוגה בסיירת מטכ""ל.","מ""פ בסיירת מטכ""ל, נהרג בקרב",עוטף עזה
ליאור לוי,"סמב""צית במחוז דרום של פיקוד העורף. הועלתה מדרגת טוראי לדרגת רב""ט לאחר מותה.",נהרגה בבסיס אורים,עוטף עזה
אוראל משה,"משגיח כשרות בגדוד 77, שבעוצבת סער מגולן.","לוחם בגולני, נהרג בבסיס זיקים",עוטף עזה
עילי בר שדה,"לוחם בגדוד 13. הועלה מדרגת רב""ט לדרגת סמל לאחר מותו.","לוחם בגולני, נהרג בקרב בזיקים",עוטף עזה
איתי כהן,"מפקד צוות ביהל""ם. הועלה מדרגת סגן לדרגת סרן לאחר מותו.","מפקד צוות ביהל""ם, נהרג בעלומים",עוטף עזה
בן רובינשטיין,"מדריך לוחם לוט""ר. הועלה מדרגת סמל לדרגת סמ""ר לאחר מותו.","לוחם לוט""ר, נהרג בקרב בשדרות",עוטף עזה
ירון אורי שי,"לוחם בסיירת נח""ל. הועלה מדרגת סמל לדרגת סמ""ר לאחר מותו.","לוחם בנח""ל, נהרג בכרם שלום",עוטף עזה
פלג סאלם,קצין לוגיסטיקה של חטיבה 460.,נהרג בהגנה על המושב,עוטף עזה
רועי נגרי,"מפק""ץ בביה""ס ללוט""ר. הועלה מדרגת סרן (במיל') לדרגת רס""ן (במיל') לאחר מותו.","לוחם לוט""ר, נהרג בקרב בבארי",עוטף עזה
יוסף איתמר ברוכים,"רב-סמל פלוגתי בבא""ח צנחנים.","רס""פ בצנחנים, נהרג בשדרות",עוטף עזה
שירה שוחט,"תצפיתנית בגדוד איסוף 414, חיל הגנת הגבולות. הועלתה מדרגת רב""ט לדרגת סמל לאחר מותה.","תצפיתנית, נהרגה במוצב נחל עוז",עוטף עזה
עמית צור,"לוחם בגדוד 51. הועלה מדרגת רב""ט לדרגת סמל לאחר מותו.","לוחם בגולני, נהרג בקרב",עוטף עזה
ניתאי עמאר,"ע' קצין הנדסה חטיבתי בחטמ""ר דרומית. הועלה מדרגת סגן לדרגת סרן לאחר מותו.",נהרג באוגדת עזה,עוטף עזה
אדיר טהר,"לוחם בגדוד 13. הועלה מדרגת רב""ט לדרגת סמל לאחר מותו.","לוחם בגולני, נהרג במוצב ארז",עוטף עזה
יונתן גוטין,"קצין תקשוב ביחידה הרבמ""ד. הועלה מדרגת סג""ם לדרגת סגן לאחר מותו.","קצין תקשוב, נהרג בקרב בבארי",עוטף עזה
טשגר טקה,לוחם בגדוד 51 שבחטיבת גולני.,"לוחם בגולני, נהרג בקרב בכיסופים",עוטף עזה
נוה אלעזר לקס,"לוחם בסיירת מטכ""ל. הועלה מדרגת סמ""ר לדרגת סגן לאחר מותו.","לוחם בסיירת מטכ""ל, נהרג בבארי",עוטף עזה
אלי גינסברג,"קצין לוחם בשייטת 13, בתפקידו האחרון היה מפקד בי""ס לוט""ר.","קצין לוחם בשייטת 13, נהרג בבארי",עוטף עזה
עידן רז,"לוחם בגדוד 13 שבחטיבת גולני. הועלה מדרגת סמל לדרגת סמ""ר לאחר מותו.","לוחם בגולני, נהרג באוגדת עזה",עוטף עזה
רועי פרי,"לוחם בגדוד 13 שבחטיבת גולני. הועלה מדרגת רב""ט לדרגת סמל לאחר מותו.","לוחם בגולני, נהרג במוצב פגה",עוטף עזה
דוד מאיר,"לוחם בסיירת מטכ""ל. הועלה מדרגת סרן (במיל') לדרגת רס""ן (במיל') לאחר מותו.","לוחם בסיירת מטכ""ל, נהרג בקרב בבארי",עוטף עזה
אור מלכה,"חייל במתפ""ש. הועלה מדרגת סמל לדרגת סמ""ר לאחר מותו.","חייל במתפ""ש, נהרג בבסיס במעבר ארז",עוטף עזה
אלכסנדר מאסלי,"טכנאי נמ""ר בגדוד 601 בחיל ההנדסה הקרבית.","טכנאי נמ""ר בגדוד 601, נהרג בקרב",עוטף עזה
רותם דושי,"לוחם בחטיבת הצנחנים. הועלה מדרגת סמל לדרגת סמ""ר לאחר מותו.","לוחם בצנחנים, נהרג בקרב",עוטף עזה
ליאור עזיזוב,"לוחם בגדוד 13 שבחטיבת גולני. הועלה מדרגת רב""ט לדרגת סמל לאחר מותו.","לוחם בגולני, נהרג בקרב",עוטף עזה
עדן נימרי,מפקדת צוות ברוכב שמיים (5353) בחיל התותחנים. הועלתה מדרגת סגן לדרגת סרן לאחר מותה.,"מפקדת ברוכב שמיים, נהרגה בקרב בבסיס נחל עוז",עוטף עזה
תומר דולב,"לוחם בגדוד בר שבחטיבת החילוץ. הועלה מדרגת רס""ל (במיל') לדרגת רס""ר (במיל') לאחר מותו.","לוחם בגדוד בר, נהרג בקרב",עוטף עזה
רועי צ'אפל,"מ""פ בסיירת נח""ל. הועלה מדרגת סרן לדרגת רס""ן לאחר מותו.","מפקד בנח""ל, נהרג בקרב",עוטף עזה
אלינה פרבוסודובה,קצינה במחוז דרום בפיקוד העורף. הועלתה מדרגת סגן לדרגת סרן לאחר מותה.,נהרגה בקרב בבסיס אורים,עוטף עזה
טל לוי,"מפקד כיתה בגדוד 50 שבחטיבת הנח""ל.","מ""כ בנח""ל, נהרג בקרב על מוצב סופה",עוטף עזה
עלים עבדאללה,סגן מפקד עוצבת ברעם.,"סגן מפקד חטיבה 300, נהרג בגבול לבנון",לבנון
עמיחי יעקב ונינו,"מפקד כיתה ביחידת מגלן. הועלה מדרגת סמל לדרגת סמ""ר לאחר מותו.","מ""כ במגלן, נהרג בקרב בכפר עזה",עוטף עזה
אופיר טסטה,"לוחם שריון בגדוד 77 שבעוצבת 'סער מגולן' (7). הועלה מדרגת רב""ט לדרגת סמל לאחר מותו.","לוחם בשריון, נהרג ברעים",עוטף עזה
דוד רתנר,לוחם בגדוד 13 שבחטיבת גולני.,"לוחם בגולני, נהרג בקרב בנחל עוז",עוטף עזה
יונתן גולן,מפקד טנק בגדוד 77 שבעוצבת 'סער מגולן' (7).,"מט""ק מגדוד 77, נהרג במוצב נחל עוז",עוטף עזה
הדר קמה,"לוחם בסיירת מטכ""ל.","קצין לוחם בסיירת מטכ""ל, נהרג בקרב בכפר עזה",עוטף עזה
הלל שמואל סעדון,"לוחם בסיירת נח""ל. הועלה מדרגת סמל לדרגת סמ""ר לאחר מותו.","לוחם בנח""ל, נהרג בקרב בסופה",עוטף עזה
יוגב אהרן,לוחם בגדוד 51 שבחטיבת גולני.,"לוחם בגדוד 51, נהרג בקרב",עוטף עזה
איתי נחמיאס,"לוחם ביחידה הרב מימדית. הועלה מדרגת סמל לדרגת סמ""ר לאחר מותו.",נהרג בקרב על הגנת המושב,עוטף עזה
אריאל אוחנה,"לוחם בגדוד 890 שבחטיבת הצנחנים. הועלה מדרגת רב""ט לדרגת סמל לאחר מותו.","לוחם בגדוד 890, נהרג בקרב בבארי",עוטף עזה
אריאל ארז,"לוחם בגדוד 13 שבחטיבת גולני. הועלה מדרגת רב""ט לדרגת סמל לאחר מותו.","לוחם גולני, נהרג בקרב",עוטף עזה
טל כהן,"לוחם בסיירת מטכ""ל.","לוחם בסיירת מטכ""ל, נהרג בכפר עזה",עוטף עזה
סיון שמחה אסראף,"רכזת אמצעי תקשוב. הועלתה מדרגת סמל לדרגת סמ""ר לאחר מותה.","רכזת אמצעי תקשוב, נהרגה בבסיס נחל עוז",עוטף עזה
עמית פלד,"לוחם ביחידת אגוז. הועלה מדרגת סמ""ר לדרגת רס""ל לאחר מותו.","לוחם ביחידת אגוז, נהרג בכיסופים",עוטף עזה
עילי עזר,"חייל במפקדת אוגדת עזה. הועלה מדרגת טוראי לדרגת רב""ט לאחר מותו.",נהרג במפקדת אוגדת עזה,עוטף עזה
יקיר לוי,"לוחם בגדוד 13 שבחטיבת גולני. הועלה מדרגת סמ""ל לדרגת סמ""ר לאחר מותו.","לוחם בגולני, נהרג במוצב פגה",עוטף עזה
דניאל משה דנינו,לוחם בגדוד 13 שבחטיבת גולני.,"לוחם בגולני, נהרג במוצב כיסופים",עוטף עזה
דקל סויסה,מפקד מחלקה בגדוד 13 שבחטיבת גולני. הועלה מדרגת סגן לדרגת סרן לאחר מותו.,"מפקד בגולני, נהרג בקרב",עוטף עזה
שיר ביטון,"חובשת בחטיבת צפונית. הועלתה מדרגת רב""ט לדרגת סמל לאחר מותה.","חובשת, נהרגה בקרב נחל עוז",עוטף עזה
בנימין לב,"לוחם בגדוד 202 שבחטיבת הצנחנים. הועלה מדרגת סמל לדרגת סמ""ר לאחר מותו.","לוחם בצנחנים, נהרג בקרב בכפר עזה",עוטף עזה
יעד בן יעקב,לוחם בגדוד 13 שבחטיבת גולני.,"לוחם בגולני, נהרג בקרב בנחל עוז",עוטף עזה
אושר שמעיה,"חייל במפקדת אוגדת עזה. הועלה מדרגת רב""ט לדרגת סמל לאחר מותו.",נהרג בבסיס רעים,עוטף עזה
שיר שלמה,"סמלת מבצעים במחוז דרום של פיקוד העורף. הועלתה מדרגת רב""ט לדרגת סמל לאחר מותה.",נהרגה במחנה אורים,עוטף עזה
רז פרץ,"מפקד הפלס""ם בגדוד 51 שבחטיבת גולני. הועלה מדרגת סרן לדרגת רס""ן לאחר מותו.",נהרג בבסיס כיסופים,עוטף עזה
מקס רבינוב,לוחם בגדוד איסוף 414.,"לוחם בגדוד איסוף 414, נהרג בקרב",עוטף עזה
עידו ישראל שני,"סגן מפקד סיירת נח""ל.","סגן מפקד סיירת הנח""ל, נהרג בקרב בסופה",עוטף עזה
תומר ברק,"לוחם בגדוד 13 שבחטיבת גולני. הועלה מדרגת סמל לדרגת סמ""ר לאחר מותו.","לוחם גולני, נהרג בקרב בנחל עוז",עוטף עזה
עמרי בלקין,"מדריך לוט""ר בביה""ס לוט""ר. הועלה מדרגת רס""ל (במיל') לדרגת רס""ר (במיל') לאחר מותו.","לוחם לוט""ר, נהרג בקרב בבארי",עוטף עזה
יוסף מלאכי גדליה,לוחם ביחידת דובדבן.,"לוחם בדובדבן, נהרג בקרב",עוטף עזה
ראם מאיר בטיטו,"לוחם בגדוד 51 שבחטיבת גולני. הועלה מדרגת רב""ט לדרגת סמל לאחר מותו.","לוחם בגדוד 51, נהרג בכיסופים",עוטף עזה
עדי צור,לוחם בגדוד 51 שבחטיבת גולני.,"לוחם בגדוד 51, נהרג בכיסופים",עוטף עזה
טל ממן,"חבר כיתת הכוננות ביישוב. הועלה מדרגת רס""ר (במיל') לדרגת רס""ם (במיל') לאחר מותו.",נהרג בקרב על הגנת המושב,עוטף עזה
ליאור בן יעקב,"סגן רבש""צ היישוב. הועלה מדרגת רס""ר (במיל') לדרגת רס""ם (במיל') לאחר מותו.",נהרג בקרב על הגנת המושב,עוטף עזה
אמיר לביא,"רגם קשת מגדוד 50 שבחטיבת הנח""ל. הועלה מדרגת רב""ט לדרגת סמל לאחר מותו.","רגם קשת מגדוד 50, נהרג במוצב סופה",עוטף עזה
אוריאל סגל,"טבח בגדוד 51 שבחטיבת גולני. הועלה מדרגת רב""ט לדרגת סמל לאחר מותו.","טבח בגדוד 51, נהרג בבסיס כיסופים",עוטף עזה
שגב שוורץ,"רגם קשת בגדוד 50 שבחטיבת הנח""ל. הועלה מדרגת רב""ט לדרגת סמל לאחר מותו.","רגם קשת מגדוד 50, נהרג בסופה",עוטף עזה
מרדכי שמיר,קצין לוחם בסיירת גולני.,נהרג בקרב ברעים,עוטף עזה
אביתר אוחיון,"נהג אמבולנס בגדוד 51 שבחטיבת גולני. הועלה מדרגת סמל לדרגת סמ""ר לאחר מותו.","נהג אמבולנס בגדוד 51, נהרג בכיסופים",עוטף עזה
אמיר צור,"לוחם בסיירת מטכ""ל. הועלה מדרגת סגן לדרגת סרן לאחר מותו.","לוחם בסיירת מטכ""ל, נהרג בכפר עזה",עוטף עזה
עמית מוסט,"לוחם בסיירת נח""ל. הועלה מדרגת סמל לדרגת סמ""ר לאחר מותו.","חובש קרבי בנח""ל, נהרג במוצב סופה",עוטף עזה
רועי ברקת,מפקד כיתה בגדוד 13 שבחטיבת גולני.,"מ""כ בגולני, נהרג בנחל עוז",עוטף עזה
אייל קליין,"לוחם בסיירת נח""ל. הועלה מדרגת סגן לדרגת סרן לאחר מותו.","לוחם בנח""ל, נהרג בקרב בסופה",עוטף עזה
יונתן סביצקי,"לוחם ביחידת אגוז שבחטיבת הקומנדו. הועלה מדרגת סמ""ר לדרגת רס""ל לאחר מותו.","לוחם באגוז, נהרג בקרב במוצב כיסופים",עוטף עזה
רגב אמר,"לוחם בגדוד 101 שבחטיבת הצנחנים. הועלה מדרגת סמל לדרגת סמ""ר לאחר מותו.","לוחם בצנחנים, נהרג בקרב",עוטף עזה
אופיר מלמן,"לוחם בסיירת נח""ל. הועלה מדרגת סמל לדרגת סמ""ר לאחר מותו.","לוחם בנח""ל, נהרג בקרב במוצב סופה",עוטף עזה
סהר סעודין,לוחמת במערך ההגנה האווירית. הועלתה מדרגת סגן לדרגת סרן לאחר מותה.,"קצינה בכיפת ברזל, נהרגה בבסיס",עוטף עזה
אביחי אמסלם,"לוחם בגדוד 7008 שבעוצבת חצי האש. הועלה מדרגת רס""ל (במיל') לדרגת רס""ר (במיל') לאחר מותו.","לוחם בעוצבת חצי האש, נהרג בקרב ליד שדרות",עוטף עזה
דוד מיטלמן,"לוחם בגדוד 51 שבחטיבת גולני. הועלה מדרגת רב""ט לדרגת סמל לאחר מותו.","לוחם בגולני, נהרג במוצב כיסופים",עוטף עזה
נהוראי סעיד,"לוחם בגדוד 92 שבחטיבת כפיר. הועלה מדרגת סמל לדרגת סמ""ר לאחר מותו.","לוחם בחטיבת כפיר, נהרג באופקים",עוטף עזה
בר רוזנשטיין,"לוחם בגדוד 51 שבחטיבת גולני. הועלה מדרגת סמל לדרגת סמ""ר לאחר מותו.","לוחם בגולני, נהרג במוצב כיסופים",עוטף עזה
שלו ברנס,"לוחם בגדוד 13 שבחטיבת גולני. הועלה מדרגת סמל לדרגת סמ""ר לאחר מותו.","לוחם בגולני, נהרג בקרב",עוטף עזה
אוריאל ביבי,קצין לוחם בגדוד 202 שבחטיבת הצנחנים.,נהרג בהגנה על מושב פרי גן,עוטף עזה
אלעד מיכאל ששון,"לוחם ביחידת אגוז. הועלה מדרגת סמ""ר לדרגת רס""ל לאחר מותו.","לוחם באגוז, נהרג במוצב כיסופים",עוטף עזה
סלמאן אבן מרעי,גשש בחטיבה הדרומית באוגדת עזה.,גשש באוגדת עזה,עוטף עזה
יובל הליבני,לוחם בגדוד 7008.,"לוחם בעוצבת חצי האש, נהרג בשדרות",עוטף עזה
נתן חי ליאר,"לוחם בגדוד דוכיפת (94) שבחטיבת כפיר. הועלה מדרגת רב""ט לדרגת סמל לאחר מותו.","לוחם בחטיבת כפיר, נהרג בקרב",עוטף עזה
איתן מנחם נאמן,רופא לוחם בגדוד 7008.,"רופא קרבי, נהרג בשדרות",עוטף עזה
לביא בוחניק,"לוחם בגדוד 101 שבחטיבת הצנחנים. הועלה מדרגת רב""ט לדרגת סמל לאחר מותו.","לוחם בצנחנים, נהרג בכיסופים",עוטף עזה
ישראל עמיחי ויצן,חבר כיתת כוננות ביישוב.,נהרג בהגנה על הקיבוץ,עוטף עזה
ברנדו דוד פלורס גרסיה,"נהג בחטיבה הדרומית באוגדת עזה. הועלה מדרגת סמל לדרגת סמ""ר לאחר מותו.",נהרג באוגדת עזה,עוטף עזה
תומר נגר,"לוחם בגדוד 51 שבחטיבת גולני. הועלה מדרגת רב""ט לדרגת סמל לאחר מותו.","לוחם בגולני, נהרג בכיסופים",עוטף עזה
נועם אלימלך רוטנברג,"מתכנת במפקדת פיקוד ההכשרות והאימונים. הועלה מדרגת סמל לדרגת סמ""ר לאחר מותו.",נרצח במסיבה ברעים,נרצח כאזרח
רון צרפתי,קצינת אבטחה במערך הבקרה האווירית. הועלתה מדרגת סגן לדרגת סרן לאחר מותה.,נרצחה במסיבה ברעים,נרצח כאזרח
מיכאל בן חמו,מפקד כיתה בגדוד 51 שבחטיבת גולני.,"מ""כ בגולני, נהרג בכיסופים",עוטף עזה
אורי מרדכי שני,מפקד מחלקה בגדוד 51 שבחטיבת גולני. הועלה מדרגת סגן לדרגת סרן לאחר מותו.,"מ""מ בגולני, נהרג בכיסופים",עוטף עזה
בר יענקלוב,"לוחם בגדוד 101 שבחטיבת הצנחנים. הועלה מדרגת רב""ט לדרגת סמל לאחר מותו.","לוחם בצנחנים, נהרג בכיסופים",עוטף עזה
אברהם נריה כהן,"חייל במפקדת אוגדת עזה. הועלה מדרגת סמל לדרגת סמ""ר לאחר מותו.",נרצח במסיבה ברעים,נרצח כאזרח
שי אשרם,"בקרית איסוף יבשתי בגדוד 414. הועלתה מדרגת רב""ט לדרגת סמל לאחר מותה.","תצפיתנית, נהרגה במוצב נחל עוז",עוטף עזה
גלעד מולכו,"נהרג בהיתקלות עם מחבלים שחדרו מגבול לבנון. הועלה מדרגת רס""ל (במיל') לדרגת רס""ר (במיל') לאחר מותו.","לוחם אגוז, נהרג בגבול לבנון",לבנון
ג'ואד עאמר,"מנהל שטח אש, נהרג בהיתקלות עם מחבלים שחדרו מגבול לבנון.","מנהל שטח אש 150, נהרג בגבול לבנון",לבנון
בן ברונשטיין,"לוחם ביחידת דובדבן. הועלה מדרגת סרן לדרגת רס""ן לאחר מותו.","לוחם בדובדבן, נהרג בכפר עזה",עוטף עזה
ידידיה משה רזיאל,"חבר כיתת הכוננות ביישוב. הועלה מדרגת רס""ל (במיל') לדרגת רס""ר (במיל') לאחר מותו.",נהרג בהגנה על הקיבוץ,עוטף עזה
עמיחי שמעון רובין,"לוחם בגדוד 51 שבחטיבת גולני. הועלה מדרגת רב""ט לדרגת סמל לאחר מותו.","לוחם בגולני, נהרג בכיסופים",עוטף עזה
בכור סויד,חבר כיתת הכוננות ביישוב.,נהרג בקרב להגנת מושב פרי גן,עוטף עזה
אמיל סמוילוב,"מאבטח מתקנים במתפ""ש. הועלה מדרגת רב""ט לדרגת סמל לאחר מותו.","מאבטח מתקנים במתפ""ש, נהרג בקרב בבסיס ארז",עוטף עזה
נועם אברמוביץ,"בקרית איסוף יבשתי בגדוד 414. הועלתה מדרגת טוראי לדרגת רב""ט לאחר מותה.","בקרית איסוף יבשתי, נהרגה בבסיס נחל עוז",עוטף עזה
סהר מידאני,"לוחם בגדוד 13 שבחטיבת גולני. הועלה מדרגת סמל לדרגת סמ""ר לאחר מותו.","לוחם בגולני, נהרג בקרב",עוטף עזה
תומר יעקב מזרחי,"לוחם בסיירת הנח""ל.","לוחם בנח""ל, נהרג בקרב בסופה",עוטף עזה
איתמר כהן,"לוחם בגדוד 13 שבחטיבת גולני. הועלה מדרגת רב""ט לדרגת סמל לאחר מותו.","לוחם בגולני, נהרג בקרב",עוטף עזה
דביר זכאי,לוחם בגדוד 13 שבחטיבת גולני.,"לוחם בגולני, נהרג בנחל עוז",עוטף עזה
עילי זיסר,"לוחם בסיירת מטכ""ל.","לוחם בסיירת מטכ""ל, נהרג בכפר עזה",עוטף עזה
עידו ביננשטוק,"לוחם בגדוד 13 שבחטיבת גולני. הועלה מדרגת רב""ט לדרגת סמל לאחר מותו.","חובש בגולני, נהרג בקרב",עוטף עזה
דולב אמויאל,לוחם בגדוד 13 שבחטיבת גולני.,"לוחם בגולני, נהרג בקרב בזיקים",עוטף עזה
שמעון אלרואי בן שטרית,"לוחם איסוף בגדוד 414 שבחיל הגנת הגבולות. הועלה מדרגת סמל לדרגת סמ""ר לאחר מותו.","לוחם בחיל הגנת הגבולות, נהרג במוצב נחל עוז",עוטף עזה
יונתן אלעזרי,"לוחם בהכשרה בבא""ח צנחנים. הועלה מדרגת טוראי לדרגת רב""ט לאחר מותו.","לוחם בדובדבן, נהרג בקרב באופקים",עוטף עזה
איתי יהודה באוסי,לוחם קומנדו ביחידת דובדבן.,"לוחם בדובדבן, נהרג במסיבה ברעים",עוטף עזה
אדם אגמון,"מפקד כיתה בגדוד 450 שבביסל""ח. הועלה מדרגת סמל לדרגת סמ""ר לאחר מותו.","מ""כ בביסל""ח, נהרג בקרב בנירים",עוטף עזה
אביעד רבלין,"חייל בחטיבה הטכנולוגית ליבשה. הועלה מדרגת סמל לדרגת סמ""ר לאחר מותו.",נרצח במסיבה ברעים,נרצח כאזרח
ראובן שישפורטיש,חבר בכיתת הכוננות ביישוב.,נרצח בפרי גן,עוטף עזה
מיה ויאלובו פולו,"בקרית איסוף יבשתי בגדוד 414 שבחיל הגנת הגבולות. הועלתה מדרגת טוראי לדרגת רב""ט לאחר מותה.",בקרית איסוף יבשתי,עוטף עזה
אביאל מלקמו,"לוחם קומנדו ביחידת אגוז. הועלה מדרגת סמ""ר לדרגת רס""ל לאחר מותו.","לוחם באגוז, נהרג בקרב בכיסופים",עוטף עזה
דור ירחי,לוחם בגדוד 13 שבחטיבת גולני.,"לוחם בגולני, נהרג בנחל עוז",עוטף עזה
דניאל שפרבר,"לוחם איסוף בגדוד 414 שבחיל הגנת הגבולות. הועלה מדרגת סמל לדרגת סמ""ר לאחר מותו.","לוחם בחיל הגנת הגבולות, נהרג בקרב",עוטף עזה
שיראל מור,"בקרית איסוף יבשתי בגדוד 414 שבחיל הגנת הגבולות. הועלתה מדרגת רב""ט לדרגת סמל לאחר מותה.","בקרית איסוף יבשתי, נהרגה בנחל עוז",עוטף עזה
יובל יפה,"מפקד מחלקה בגדוד 196 שבעוצבת 'סער מגולן' (7). הועלה מדרגת סג""ם לדרגת סגן לאחר מותו.","קצין בשריון, נהרג בקרב בכיסופים",עוטף עזה
יוחאי דוכן,"מפקד מחלקה בגדוד 13 שבחטיבת גולני. הועלה מדרגת סג""ם לדרגת סגן לאחר מותו.","מ""מ בגולני, נהרג בנחל עוז",עוטף עזה
שילה ראוכברגר,מפקד מחלקה בגדוד 51 שבחטיבת גולני. הועלה מדרגת סגן לדרגת סרן לאחר מותו.,"מ""מ בגולני, נהרג בקרב",עוטף עזה
אופק רוסו,"צוללן לוחם בשייטת 13. הועלה מדרגת סמ""ר לדרגת רס""ל לאחר מותו.","לוחם בשייטת 13, נהרג בקרב בבארי",עוטף עזה
עידן באלוי,קצין הקשר הגדודי של גדוד 13 שבחטיבת גולני. הועלה מדרגת סגן לדרגת סרן לאחר מותו.,"קצין בגולני, נהרג בנחל עוז",עוטף עזה
שיר אילת,מפקדת מחלקה בגדוד 414 שבחיל הגנת הגבולות. הועלתה מדרגת סגן לדרגת סרן לאחר מותה.,"מ""מ בחיל הגנת הגבולות, נהרגה בנחל עוז",עוטף עזה
עילי נועם בן מוחה,"לוחם בגדוד 51 שבחטיבת גולני. הועלה מדרגת רב""ט לדרגת סמל לאחר מותו.","לוחם בגולני, נהרג בקרב",עוטף עזה
אביב חג'ג',"בקרית איסוף יבשתי מגדוד 414 שבחיל הגנת הגבולות. הועלתה מדרגת רב""ט לדרגת סמל לאחר מותה.","בקרית איסוף יבשתי, נהרגה בנחל עוז",עוטף עזה
שגיא גולן,"קצין בבית הספר ללוט""ר. הועלה מדרגת סרן לדרגת רס""ן לאחר מותו.","לוחם לוט""ר, נהרג בקרב בבארי",עוטף עזה
נאור סיבוני,"לוחם בגדוד 13 שבחטיבת גולני. הועלה מדרגת סמל לדרגת סמ""ר לאחר מותו.","לוחם בגולני, נהרג בנחל עוז",עוטף עזה
שירת ים עמר,"בקרית איסוף יבשתי בגדוד 414 שבחיל הגנת הגבולות. הועלתה מדרגת טוראי לדרגת רב""ט לאחר מותה.","בקרית איסוף יבשתי, נהרגה בנחל עוז",עוטף עזה
לירן מונס אלמוסנינו,"לוחם צוות התערבות לוט""ר ניצנה. הועלה מדרגת רס""ר (במיל') לדרגת רס""ם (במיל') לאחר מותו.","לוחם לוט""ר, נהרג בקרב בחולית",עוטף עזה
רועי נהרי,מפקד מחלקה בגדוד 202 שבחטיבת הצנחנים. הועלה מדרגת סגן לדרגת סרן לאחר מותו.,נהרג בכפר עזה,עוטף עזה
קארין שוורצמן,"טכנאית מערכות הספק ובקרה בלהק ציוד בזרוע האוויר. הועלתה מדרגת רב""ט לדרגת סמל לאחר מותה.",נרצחה במסיבה ברעים,נרצח כאזרח
שמעון לוגאסי,"לוחם איסוף בגדוד 414 שבחיל הגנת הגבולות. הועלה מדרגת רב""ט לדרגת סמל לאחר מותו.","לוחם בחיל הגנת הגבולות, נהרג בקרב",עוטף עזה
ולנטין (אלי) גנסיה,"לוחם בגדוד 890 שבחטיבת צנחנים. הועלה מדרגת סמל לדרגת סמ""ר לאחר מותו.","לוחם בצנחנים, נהרג בבארי",עוטף עזה
נתיב קוצרו,"טכנאי שו""ב ומשגר בגדוד 947 שבמערך ההגנה האווירית. הועלה מדרגת רב""ט לדרגת סמל לאחר מותו.","טכנאי כיפת ברזל, נהרג בנחל עוז",עוטף עזה
ברק יעקב בן דוד,"לוחם בגדוד 13 שבחטיבת גולני. הועלה מדרגת סמל לדרגת סמ""ר לאחר מותו.","לוחם בגולני, נהרג בנחל עוז",עוטף עזה
לידור מקייס,"מש""ק לוגיסטיקה ביחידת מתפ""ש. הועלה מדרגת טוראי לדרגת רב""ט לאחר מותו.","מש""ק לוגיסטיקה במתפ""ש, נהרג במת""ק עזה",עוטף עזה
בנימין גבריאל יונה,"נהג משא כבד בגדוד 947 שבמערך ההגנה האווירית. הועלה מדרגת רב""ט לדרגת סמל לאחר מותו.","נהג משאית במערך ההגנה האווירית, נהרג בקרב",עוטף עזה
איתי אופק גליסקו,"לוחם בגדוד 13 שבחטיבת גולני. הועלה מדרגת סמל לדרגת סמ""ר לאחר מותו.","לוחם בגולני, נהרג בקרב",עוטף עזה
אילן פיורנטינו,"רבש""צ נחל עוז.",נהרג בקרב בהגנה על הקיבוץ,עוטף עזה
אור אביטל,"לוחם שריון בגדוד 77 שבעוצבת 'סער מגולן' (7). הועלה מדרגת רב""ט לדרגת סמל לאחר מותו.","תותחן בחטיבה 7, נהרג בנחל עוז",עוטף עזה
דניאל קסבצ׳וק,טכנאי אלקטרומכניקה ביחידת מורן,טכנאי בעוצבת קלע דוד,עוטף עזה
הדר מרים כהן,"בקרית איסוף יבשתי בגדוד 414 שבחיל הגנת הגבולות. הועלתה מדרגת טוראי לדרגת רב""ט לאחר מותה.","בקרית איסוף יבשתי, נהרגה בנחל עוז",עוטף עזה
מתן מלכה,"לוחם בגדוד 101 שבחטיבת הצנחנים. הועלה מדרגת רב""ט לדרגת סמל לאחר מותו.","לוחם בצנחנים, נהרג בקרב בכיסופים",עוטף עזה
סהר טל,"קצין מודיעין בגדוד 77 שבחטיבה 7. הועלה מדרגת סג""ם לדרגת סגן לאחר מותו.","קצין מודיעין בחטיבה 7, נהרג בקרב",עוטף עזה
יעל לייבושור,"בקרית איסוף יבשתי בגדוד 414 שבחיל הגנת הגבולות. הועלתה מדרגת רב""ט לדרגת סמל לאחר מותה.","בקרית איסוף יבשתי, נהרגה בנחל עוז",עוטף עזה
דביר חיים רסלר,"לוחם בגדוד 51 שבחטיבת גולני. הועלה מדרגת סמל לדרגת סמ""ר לאחר מותו.","לוחם בגולני, נהרג בקרב",עוטף עזה
חביב קיעאן,"לוחם בגדוד 13 שבחטיבת גולני. הועלה מדרגת רב""ט לדרגת סמל לאחר מותו.","לוחם בגולני, נהרג בקרב",עוטף עזה
נועה פרייס,"בקרית איסוף יבשתי בגדוד 414 שבחיל הגנת הגבולות. הועלתה מדרגת סמל לדרגת סמ""ר לאחר מותה.","בקרית איסוף יבשתי, נהרגה בנחל עוז",עוטף עזה
אביעד גד כהן,חבר כיתת הכוננות ביישוב.,נהרג בקרב על הגנת היישוב,עוטף עזה
ירין מארי פלד,"חובשת בחטיבה צפונית. הועלתה מדרגת סמל לדרגת סמ""ר לאחר מותה.","חובשת, נהרגה בקרב בנחל עוז",עוטף עזה
נריה בן דוד,"מפקד כיתה בגדוד 603 שבחיל ההנדסה הקרבית. הועלה מדרגת סמל לדרגת סמ""ר לאחר מותו.","מ""כ בחיל ההנדסה הקרבית, נהרג בקרב בבארי",עוטף עזה
אמיר איל,"לוחם איסוף בגדוד 414 שבחיל הגנת הגבולות. הועלה מדרגת רב""ט לדרגת סמל לאחר מותו.","לוחם בחיל הגנת הגבולות, נהרג בנחל עוז",עוטף עזה
ישי פיטוסי,לוחם בגדוד 13 שבחטיבת גולני.,"לוחם בגולני, נהרג בנחל עוז",עוטף עזה
שהם בר,נגד לוגיסטיקה במפקדת חטיבת גולני.,נרצח במסיבה ברעים,נרצח כאזרח
נועם סלוטקי,"חובש קרבי בגדוד 221 שבחטיבת כרמלי. הועלה מדרגת רס""ר (במיל') לדרגת רס""ם (במיל') לאחר מותו.",נהרג בקיבוץ עלומים,עוטף עזה
בועז מנשה יוגב,"טכנאי מערכות הגנה בחטיבה צפונית. הועלה מדרגת רב""ט לדרגת סמל לאחר מותו.","טכנאי מערכות הגנה, נהרג בנחל עוז",עוטף עזה
שחף ניסני,"בקרית איסוף יבשתי בגדוד 414 שבחיל הגנת הגבולות. הועלתה מדרגת סמל לדרגת סמ""ר לאחר מותה.","בקרית איסוף יבשתי, נהרגה בנחל עוז",עוטף עזה
איליי עדני,מפקד מחלקה ביחידת מגלן שבחטיבת הקומנדו. הועלה מדרגת סגן לדרגת סרן לאחר מותו.,"קצין במגלן, נהרג בכפר עזה",עוטף עזה
אופיר ירוחין,"לוחם בגדוד 13 שבחטיבת גולני. הועלה מדרגת רב""ט לדרגת סמל לאחר מותו.","לוחם בגולני, נהרג בקרב",עוטף עזה
איתי שלמה מורנו,"לוחם ביחידת מגלן שבחטיבת הקומנדו. הועלה מדרגת רס""ל (במיל') לדרגת רס""ר (במיל') לאחר מותו.","לוחם במגלן, נהרג בזיקים",עוטף עזה
מתניה אלסטר,"לוחם בגדוד 221 שבחטיבת כרמלי. הועלה מדרגת סמ""ר (במיל') לדרגת רס""ל (במיל') לאחר מותו.","לוחם בחטיבת כרמלי, נהרג בגבול לבנון",לבנון
אופק ארביב,לוחם בגדוד 101 שבחטיבת הצנחנים.,נרצח במסיבה ברעים,נרצח כאזרח
דניאל קסטיאל,"לוחם ביחידת מגלן שבחטיבת הקומנדו. הועלה מדרגת רס""ל (במיל') לדרגת רס""ר (במיל') לאחר מותו.","לוחם במגלן, נהרג בקרב בזיקים",עוטף עזה
אמיר נעים,"חבר בכיתת הכוננות ביישוב. הועלה מדרגת סרן (במיל') לדרגת רס""ן (במיל') לאחר מותו.",נהרג בהגנה על הקיבוץ,עוטף עזה
עומר וולף,סגן מפקד פלוגה בגדוד 51 שבחטיבת גולני. הועלה מדרגת סגן לדרגת סרן לאחר מותו.,"סמ""פ בגולני, נהרג בקרב",עוטף עזה
ישי סלוטקי,"לוחם בגדוד 7006 שבחטיבת עודד. הועלה מדרגת רס""ל לדרגת רס""ר לאחר מותו.",נהרג בקיבוץ עלומים,עוטף עזה
מתן אברג'יל,לוחם בגדוד 13 שבחטיבת גולני,"לוחם בגולני, נהרג בניר עם",עוטף עזה
עדו חוברה,חבר בכיתת הכוננות ביישוב.,נהרג בהגנה על הקיבוץ,עוטף עזה
עידן ברוך,"מש״ק הוראה בבה״ד החינוך. הועלה מדרגת טוראי לדרגת רב""ט לאחר מותו.",נרצח בביתו,נרצח כאזרח
שילה הר-אבן,"מפקד פלוגה בגדוד 13 שבחטיבת גולני. הועלה מדרגת סרן לדרגת רס""ן לאחר מותו.","מ""פ בגולני, נהרג בנחל עוז",עוטף עזה
אור מזרחי,"לוחם בגדוד 414 שבחיל הגנת הגבולות. הועלה מדרגת סמל לדרגת סמ""ר לאחר מותו.","לוחם בחיל הגנת הגבולות, נהרג בקרב",עוטף עזה
נטע בר עם,לוחם בגדוד 414 שבחיל הגנת הגבולות.,"לוחם בחיל הגנת הגבולות, נהרג במוצב נחל עוז",עוטף עזה
מארו אלם,"לוחם בגדוד 51 שבחטיבת גולני. הועלה מדרגת סמל לדרגת סמ""ר לאחר מותו.","לוחם בגולני, נהרג בקרב",עוטף עזה
נהוראי לוי אמיתי,מפקד כיתה בגדוד 13 שבחטיבת גולני.,"לוחם בגולני, נהרג בקרב",עוטף עזה
אדיר אישטו בוגלה,"לוחם בגדוד 13 שבחטיבת גולני. הועלה מדרגת סמל לדרגת סמ""ר לאחר מותו.","לוחם בגולני, נהרג בנחל עוז",עוטף עזה
אלחנן מאיר קלמנזון,קצין במפקדת אוגדת יהודה ושומרון.,"קצין במפקדת אוגדת יו""ש, נהרג בבארי",עוטף עזה
בנימין (בנג'י) טרקינסקי,"קצין אג""ם בעוצבת 'סער מגולן' (7).","קצין אג""ם בחטיבה 7, נהרג בבארי",עוטף עזה
גלי רועי שקותאי,"לוחם בסיירת הנח""ל. הועלה מדרגת סמל לדרגת סמ""ר לאחר מותו.","לוחם בנח""ל, נהרג בקרב",עוטף עזה
נדב ביטון,לוחם בגדוד 90 שבחטיבת כפיר.,נרצח במסיבה ברעים,נרצח כאזרח
שוהם שלמה נידם,"טכנאי בגדוד 13 שבחטיבת גולני. הועלה מדרגת רב""ט לדרגת סמל לאחר מותו.","לוחם בגולני, נהרג בקרב",עוטף עזה
יותם הלל,"לוחם בסיירת הנח""ל. הועלה מדרגת רב""ט לדרגת סמל לאחר מותו.","לוחם בנח""ל, נהרג בכפר עזה",עוטף עזה
דור לזימי,מפקד כיתה בגדוד 13 שבחטיבת גולני.,"לוחם בגולני, נהרג בנחל עוז",עוטף עזה
ליאון בר (בן מוחה),"קצין בכיר באוגדת איו""ש.",נהרג ליד מפלסים,עוטף עזה
ענר אליקים שפירא,"לוחם בסיירת נח""ל, חטיבת הנח""ל.","לוחם בסיירת הנח""ל, נהרג בקרב",עוטף עזה
שלמה רשטניקוב,"לוחם בגדוד 51, חטיבת גולני.","לוחם בגולני, נהרג במוצב מו""פ דרום",עוטף עזה
דניאל בזגודוב,"לוחם בסיירת נח""ל, חטיבת הנח""ל.","לוחם בנח""ל, נהרג בקרב",עוטף עזה
אברהם חננאל הנדי,"סגן רבש""ץ בכפר עזה.",נהרג בהגנה על הקיבוץ,עוטף עזה
נחמן דקל,"לוחם בגדוד 50, חטיבת הנח""ל. הועלה מדרגת רב""ט לדרגת סמל לאחר מותו.","לוחם בנח""ל, נהרג בקרב בסופה",עוטף עזה
אורי כרמי,"לוחם בגדוד 13, חטיבת גולני. הועלה מדרגת סמ""ל לדרגת סמ""ר לאחר מותו.","לוחם בגולני, נהרג במוצב נחל עוז",עוטף עזה
בנימין בלאי,"נהג בחטיבה הדרומית. הועלה מדרגת סמל לדרגת סמ""ר לאחר מותו.","נהג החטיבה הדרומית, נהרג בכיסופים",עוטף עזה
איתי אברהם רון,לוחם בגדוד 13 שבחטיבת גולני.,"לוחם בגולני, נהרג בנחל עוז",עוטף עזה
חיים ישורון כצמן,"חבר כיתת הכוננות ביישוב. הועלה מדרגת רס""ל (במיל') לדרגת רס""ר (במיל') לאחר מותו.",נרצח בביתו,עוטף עזה
רואי חיים גורי,"לוחם בסיירת חטיבת גולני. הועלה מדרגת סמל לדרגת סמ""ר לאחר מותו.",נהרג בקרב באופקים,עוטף עזה
גיא אדמוני,קצין באגף המודיעין.,נרצח בביתו,נרצח כאזרח
ים גולדשטיין אלמוג,"מפקדת כיתת טירונים בבה""ד 7, אגף התקשוב. הועלתה מדרגת סמל לדרגת סמ""ר לאחר מותה.",נרצחה בביתה,נרצח כאזרח
תומר ליבוביץ,"לוחם שריון בגדוד 75 שבעוצבת 'סער מגולן' (7). הועלה מדרגת רב""ט לדרגת סמל לאחר מותו.","לוחם בחטיבה 7, נהרג בקרב",עוטף עזה
נוי שוש,"מפקד פלוגת טנ""א בגדוד 8112 בחיל השיריון.",נהרג בהגנה על הקיבוץ,עוטף עזה
גיל בויום,חבר כיתת כוננות ביישוב.,נהרג בהגנה על הקיבוץ,עוטף עזה
שחף ברגשטיין,"לוחם בגדס""ר 6408 שבחטיבת עציוני. הועלה מדרגת רס""ר (במיל') לדרגת רס""ם (במיל') לאחר מותו.",נהרג בהגנה על הקיבוץ,עוטף עזה
רותם קוץ,"מפקדת כיתת טירונים בבה""ד 7, אגף התקשוב. הועלתה מדרגת רב""ט לדרגת סמל לאחר מותה.",נרצח בביתו,נרצח כאזרח
אושר שמחה ברזילי,"סמלת מבצעים בחטיבה הצפונית. הועלתה מדרגת רב""ט לדרגת סמל לאחר מותה.","סמלת מבצעים בחטיבה הצפונית, נהרגה בנחל עוז",עוטף עזה
יעקב נדלין,לוחם בגדוד 7037 בחטיבת שומרון.,"לוחם בחטיבת שומרון, נהרג מאש כוחותינו ליד הכפר אימתין","יו""ש"
יפתח גורני,"לוחם צוות התערבות לוט""ר ניצנה.","לוחם לוט""ר, נהרג בקרב",עוטף עזה
שחר צמח,"חבר כיתת הכוננות ביישוב. הועלה מדרגת רס""ר (במיל') לדרגת רס""ם (במיל') לאחר מותו.",נהרג בקרב להגנת הקיבוץ,עוטף עזה
עמרי פרץ,"מפקד כיתה בגדוד 450 שבביסל""ח. הועלה מדרגת סמל לדרגת סמ""ר לאחר מותו.","מ""כ בביסל""ח, נהרג בקרב",עוטף עזה
עדי אודיה ברוך,"סמלת מבצעים בחטיבה מרחבית יהודה. הועלתה מדרגת סמל (במיל') לדרגת סמ""ר (במיל') לאחר מותה.","סמלת מבצעים, נהרגה מפגיעת רקטה בשדרות",עוטף עזה
עדי לנדמן,"תצפיתנית בגדוד 414, חיל הגנת הגבולות. הועלתה מדרגת סמל לדרגת סמ""ר לאחר מותה.","תצפיתנית בחיל הגנת הגבולות, נהרגה בנחל עוז",עוטף עזה
דן אסולין,"רבש""ץ ביישוב.",נהרג בקרב על הגנת המושב,עוטף עזה
דור שדה,מפקד מחלקה בגדוד צבר שבחטיבת גבעתי. הועלה מדרגת סגן לדרגת סרן לאחר מותו.,"מ""מ בגבעתי, נהרג בקרב בכפר עזה",עוטף עזה
עדי בהרב רבינוביץ,חבר כיתת כוננות ביישוב.,נהרג בהגנה על המושב,עוטף עזה
איברהים ח'רובה,"גשש בחטיבה הצפונית באוגדת עזה. הועלה מדרגת רס""ם לדרגת רס""ב לאחר מותו.","גשש בחטיבה הצפונית, נהרג בקרב",עוטף עזה
איתמר בן יהודה,"חובש קרבי וסמל מחלקת מרגמות בגדוד 13, חטיבת גולני.","מ""כ בגולני, נהרג בקרב",עוטף עזה
אברהם פליישר,"חבר כיתת הכוננות ביישוב. הועלה מדרגת רס""ב (במיל') לדרגת רנ""ג (במיל') לאחר מותו.",נהרג בקרב על הגנת הקיבוץ,עוטף עזה
אביב ברעם,"חבר בכיתת הכוננות ביישוב. הועלה מדרגת רס""ר (במיל') לדרגת רס""ם (במיל') לאחר מותו.",נהרג בקרב להגנה על הקיבוץ,עוטף עזה
גיל אביטל,חבר בכיתת הכוננות ביישוב.,נהרג בהגנה על המושב,עוטף עזה
סער מרגוליס,"חבר כיתת הכוננות ביישוב. הועלה מדרגת רס""ר (במיל') לדרגת רס""ם (במיל') לאחר מותו.",נהרג בהגנה על הקיבוץ,עוטף עזה
אליסף בן פורת,"טבח בגדוד 411, חטיבת האש. הועלה מדרגת סמל לדרגת סמ""ר לאחר מותו.",נרצח במסיבה ברעים,נרצח כאזרח
אופק ארזי,"חבר כיתת הכוננות ביישוב. הועלה מדרגת סמ""ר (במיל') לדרגת רס""ל (במיל') לאחר מותו.",נהרג בהגנה על הקיבוץ,עוטף עזה
שחר אביאני,"רבש""צ היישוב. הועלה מדרגת רס""ר (במיל') לדרגת רס""ם (במיל') לאחר מותו.",נהרג בהגנה על הקיבוץ,עוטף עזה
קאמיי אחיאל,"לוחמת סנפיר בפלגה 914. הועלתה מדרגת רב""ט לדרגת סמל לאחר מותה.","לוחמת בסיירת סנפיר, נהרגה בגבול לבנון",תאונה
עומר ניסים ביתן,"לוחם בגדוד 8111 שבחטיבה 5. הועלה מדרגת סמ""ר (במיל') לדרגת רס""ל (במיל') לאחר מותו.","לוחם בחטיבה 5, נהרג בנירים",עוטף עזה
אורי שמעון רוסו,חבר כיתת הכוננות ביישוב.,נהרג בהגנה על הקיבוץ,עוטף עזה
אברהם גבריאל קורין,"רבש""ץ ביישוב. הועלה מדרגת רס""ר (במיל') לדרגת רס""ם (במיל') לאחר מותו.",נהרג בקרב להגנה על הקיבוץ,עוטף עזה
אופיר שושני,"מפקדת כיתת טירונים בבסיס מפרשית, חיל המודיעין. הועלתה מדרגת סמל לדרגת סמ""ר לאחר מותה.",נרצחה בביתה,נרצח כאזרח
ירון ויקטור שחר,"רבש""ץ היישוב.",נהרג בהגנה על הקיבוץ,עוטף עזה
רם נגבי,"רבש""ץ הישוב.",נהרג בהגנה על הקיבוץ,עוטף עזה
דניאל ראשד,"לוחם בגדוד 13 שבחטיבת גולני. הועלה מדרגת סמל לדרגת סמ""ר לאחר מותו.","לוחם בגולני, נהרג בקרב",עוטף עזה
אמתי צבי גרנות,מפקד צוות בגדוד 75 שבעוצבת 'סער מגולן' (7). הועלה מדרגת סגן לדרגת סרן לאחר מותו.,"נהרג מירי נ""ט בצפון",לבנון
ליאל ויינשטיין,"טבחית במפקדת חטיבת האש 215. הועלתה מדרגת רב""ט לדרגת סמל לאחר מותה.",נרצחה במסיבה ברעים,נרצח כאזרח
עידו קסלסי,"לוחם ביחידת מגלן, חטיבת הקומנדו. הועלה מדרגת רס""ל (במיל') לדרגת רס""ר (במיל') לאחר מותו.","לוחם במגלן, נהרג בזיקים",עוטף עזה
עמית וקס,"חבר כיתת הכוננות ביישוב. הועלה מדרגת רס""ם (במיל') לדרגת רס""ב (במיל') לאחר מותו.",נהרג בהגנה על המושב,עוטף עזה
בועז אברהם,חבר כיתת הכוננות ביישוב.,נהרג בהגנה על הקיבוץ,עוטף עזה
נדב עמיקם,"חבר כיתת הכוננות ביישוב. הועלה מדרגת רס""ר (במיל') לדרגת רס""ם (במיל') לאחר מותו.",נהרג בהגנה על הקיבוץ,עוטף עזה
אופיר מרדכי ירון,חבר כיתת הכוננות ביישוב.,נהרג בהגנה על הקיבוץ,עוטף עזה
שלו דגן,"לוחם בגדוד 51 שבחטיבת גולני. הועלה מדרגת סמל לדרגת סמ""ר לאחר מותו.","לוחם בגולני, נהרג בכרם שלום",עוטף עזה
אופיר ארז,חבר כיתת הכוננות בישוב.,נהרג בקרב על הגנת הקיבוץ,עוטף עזה
איתן חדד,חבר כיתת כוננות ביישוב.,נהרג בהגנה על הקיבוץ,עוטף עזה
יובל גבאי,מפקד כיתה בגדוד 8109 שבחטיבה מרחבית שומרון.,נהרג בבסיס כינוס בדרום,עוטף עזה
טל אילון,חבר כיתת כוננות ביישוב.,נהרג בהגנה על הקיבוץ,עוטף עזה
אופיר ליבשטין,ראש מועצת שער הנגב וחבר כיתת הכוננות ביישוב.,"ראש המועצה האזורית, נרצח בכפר עזה",עוטף עזה
חגי אבני,חבר כיתת הכוננות ביישוב.,נהרג בהגנה על הקיבוץ,עוטף עזה
אורן שטרן,חבר כיתת הכוננות ביישוב.,נהרג בהגנה על המושב,עוטף עזה
אריה (אריק) קראוניק,"רבש""ץ היישוב. הועלה מדרגת רס""ר (במיל') לדרגת רס""ם (במיל') לאחר מותו.",נהרג בהגנה על הקיבוץ,עוטף עזה
איתי יהושע,"לוחם ביחידה המטכ""לית לאבטחת אישים שבחטיבת המבצעים.","איש שב""כ, נהרג בקרב בבארי",עוטף עזה
רן פוסלושני,"חבר כיתת הכוננות בישוב. הועלה מדרגת רס""ר (במיל') לדרגת רס""ם (במיל') לאחר מותו.",נהרג בהגנה על הקיבוץ,עוטף עזה
עומר בלוה,"מפקד כיתה בגדוד 9203 שבחטיבת אלכסנדרוני. הועלה מדרגת סמ""ר (מיל') לדרגת רס""ל (מיל') לאחר מותו.","נהרג מירי נ""ט בצפון",לבנון
תמיר ברק,"לוחם צמ""ה בחיל ההנדסה הקרבית, נפל בפעילות מבצעית באזור כיסופים. הועלה מדרגת רב""ט לדרגת סמל לאחר מותו.","לוחם הנדסה קרבית, נהרג בפשיטה בעזה",עזה
זיו דדו,"מנהל עבודה לוגיסטי בגדוד 51 שבחטיבת גולני. הועלה מדרגת רס""ם לדרגת רס""ב לאחר מותו.","מנהל עבודה לוגיסטי בגולני, נהרג בדרכו לכיסופים",עוטף עזה
שהם משה בן הרוש,"לוחם בסיירת נח""ל, חטיבת הנח""ל. נפטר מפצעיו ב-26.10 לאחר שנפצע בקרב ב-7.10. הועלה מדרגת סמל לדרגת סמ""ר לאחר מותו.","לוחם בנח""ל, נהרג בכרם שלום",עוטף עזה
שיראל חיים פור,"סמלת מבצעים מהחטיבה הצפונית. הועלתה מדרגת סמל לדרגת סמ""ר לאחר מותה.","סמלת מבצעים, נהרגה בבסיס נחל עוז",עוטף עזה
ינון פליישמן,"לוחם שריון בגדוד 71 שבעוצבת 'ברק' (188), נפל כתוצאה מהתהפכות טנק בצפון הארץ.","לוחם שריון, נהרג בהתהפכות טנק בצפון",תאונה
יאיר זלוף,מפקד הפלוגה הכירורגית בחטיבה 401.,"רופא ומ""פ בשריון, נהרג בקרב",עוטף עזה
מידן ישראל,מפקד הספקה פיקודי שבפיקוד הדרום.,"מפקד הספקה בפיקוד הדרום, נהרג בתפקיד",תאונה
לביא ליפשיץ,"לוחם בסיירת גבעתי, נפל בקרב בצפון רצועת עזה.","לוחם בסיירת גבעתי, נהרג בקרב בצפון רצועת עזה",עזה
רועי וולף,"לוחם בסיירת גבעתי, נפל בקרב בצפון רצועת עזה.","לוחם בסיירת גבעתי, נהרג בקרב בצפון רצועת עזה",עזה
רועי דאוי,"מפקד כיתה בגדוד צבר, חטיבת גבעתי, נפל בקרב בצפון רצועת עזה.","מ""כ בגבעתי, נהרג בצפון הרצועה",עזה
ליאור סימינוביץ,"לוחם בגדוד צבר, חטיבת גבעתי, נפל בקרב בצפון רצועת עזה. הועלה מדרגת רב""ט לדרגת סמל לאחר מותו.","לוחם בגבעתי, נהרג בצפון הרצועה",עזה
עידו עובדיה,"לוחם בגדוד צבר, חטיבת גבעתי, נפל בקרב בצפון רצועת עזה. הועלה מדרגת רב""ט לדרגת סמל לאחר מותו.","לוחם בגבעתי, נהרג בצפון הרצועה",עזה
עדי ליאון,"לוחם בגדוד צבר, חטיבת גבעתי, נפל בקרב בצפון רצועת עזה.","לוחם בגבעתי, נהרג בצפון הרצועה",עזה
ארז מישלובסקי,"לוחם בגדוד צבר, חטיבת גבעתי, נפל בקרב בצפון רצועת עזה.","לוחם בגבעתי, נהרג בצפון הרצועה",עזה
הלל סולומון,"לוחם בגדוד צבר, חטיבת גבעתי, נפל בקרב בצפון רצועת עזה. הועלה מדרגת סמל לדרגת סמ""ר לאחר מותו.","לוחם בגבעתי, נהרג בצפון הרצועה",עזה
עדי דנן,"מפקד כיתה בגדוד צבר, חטיבת גבעתי, נפל בקרב בצפון רצועת עזה. הועלה מדרגת סמל לדרגת סמ""ר לאחר מותו.","מ""כ בגבעתי, נהרג בצפון הרצועה",עזה
אסיף לוגר,"לוחם בגדוד 77 שבעוצבת 'סער מגולן' (7), נפל בקרב בצפון רצועת עזה. הועלה מדרגת רב""ט לדרגת סמל לאחר מותו.","לוחם בגדוד 77, נהרג בצפון הרצועה",עזה
אריאל רייך,"קצין שריון לוחם בגדוד 77 שבעוצבת 'סער מגולן' (7), נפל בקרב בצפון רצועת עזה. הועלה מדרגת סגן לדרגת סרן לאחר מותו.","קצין לוחם בגדוד 77, נהרג בצפון הרצועה",עזה
רועי סרגוסטי,"לוחם בגדוד צבר, חטיבת גבעתי, נפל בקרב בצפון רצועת עזה.","מ""כ בגבעתי, נהרג בקרבות ברצועה",עזה
שי ארוס,"חובש קרבי בגדוד צבר, חטיבת גבעתי, נפל בקרב בצפון רצועת עזה.","נהרג בתקרית הנמ""ר ברצועה",עזה
איתי יהודה,"לוחם בגדוד צבר, חטיבת גבעתי, נפל בקרב בצפון רצועת עזה.","נהרג בתקרית הנמ""ר ברצועה",עזה
פדיה מנחם מרק,"מפקד מחלקה בגדוד צבר, חטיבת גבעתי, נפל בקרב בצפון רצועת עזה. הועלה מדרגת סג""ם לדרגת סגן לאחר מותו.","לוחם גבעתי, נהרג בתקרית הנמ""ר ברצועה",עזה
שלו ציון שרעבי,"לוחם הנדסה בגדוד 749, חטיבת ביסל""ח, נפל בפעילות מבצעית בעוטף עזה.","נהרג מפצמ""ר בבארי",עוטף עזה
יובל זילבר,"מ""מ בגדוד חי""ר 7007 שבחטיבת הראל, נפל בקרב בצפון רצועת עזה. הועלה מדרגת סגן (מיל') לדרגת סרן (מיל') לאחר מותו.",נהרג מירי צלף,עזה
סלמאן חבקה,"מפקד גדוד 53 שבעוצבת 'ברק' (188), נפל בקרב בצפון רצועת עזה.","מג""ד בעוצבת הברק, נהרג בקרבות ברצועה",עזה
אלחנן אריאל קליין,"מפקד כיתה בגדוד 9221, חטיבת אפרים, נהרג בפיגוע ירי סמוך ליישוב עינב במרחב חטיבת מנשה.",נרצח בפיגוע ירי בשומרון,נרצח כאזרח
יאיר ניפוסי,"לוחם בגדוד 101, חטיבת הצנחנים, נפטר מפצעיו לאחר שנפצע בקרב בצפון רצועת עזה.","לוחם בצנחנים, נהרג בקרב בצפון הרצועה",עזה
גיל פישיץ,"לוחם שריון בגדוד 9 שבעוצבת 'עקבות הברזל' (401), נפל בקרב בצפון רצועת עזה. הועלה מדרגת רס""ר לדרגת רס""ם לאחר מותו.","נהג טנק, נהרג בקרב בצפון הרצועה",עזה
יהונתן יוסף ברנד,"לוחם שריון בגדוד 52 שבעוצבת 'עקבות הברזל' (401), נפל בקרב בצפון רצועת עזה. הועלה מדרגת רס""ל לדרגת רס""ר לאחר מותו.","לוחם שריון, נהרג בקרב בצפון הרצועה",עזה
אוריה מש,"לוחם שריון בגדוד 52 שבעוצבת 'עקבות הברזל' (401), נפל בקרב בצפון רצועת עזה.","לוחם שריון, נהרג בקרב בצפון הרצועה",עזה
בני וייס,"מפקד מחלקה בגדוד 195 שבעוצבת 'בני-אור' (460), נפל בקרב בצפון רצועת עזה. הועלה מדרגת סגן לדרגת סרן לאחר מותו.","מ""מ בחטיבה 460, נהרג בקרב בצפון הרצועה",עזה
איתי סעדון,"מפקד טנק בגדוד 52 שבעוצבת 'עקבות הברזל' (401), נפל בקרב בצפון רצועת עזה.","מפקד טנק, נהרג בקרב בצפון הרצועה",עזה
ידידיה אליהו,"לוחם בגדוד 8170 שבחיל ההנדסה הקרבית, נפל בקרב ברצועת עזה.","לוחם בהנדסה קרבית, נהרג ברצועה",עזה
ים גלס,"תצפיתנית בגדוד 414 שבחיל הגנת הגבולות. הועלתה מדרגת סמל לדרגת סמ""ר לאחר מותה.","תצפיתנית, נהרגה במוצב נחל עוז",עוטף עזה
ליאור ארזי,"לוחם ופרמדיק ביחידת שלדג, נפל בקרב בצפון רצועת עזה. הועלה מדרגת רס""ל לדרגת רס""ר לאחר מותו.","פרמדיק בשלדג, נהרג בקרב בצפון הרצועה",עזה
יונדב רז לוינשטיין,"לוחם בסיירת גבעתי, נפל בקרב בצפון רצועת עזה.","לוחם בסיירת גבעתי, נהרג בקרב בצפון הרצועה",עזה
גלעד נחמיה ניצן,"לוחם בסיירת גבעתי, נפל בקרב בצפון רצועת עזה. הועלה מדרגת סמל לדרגת סמ""ר לאחר מותו.","לוחם בסיירת גבעתי, נהרג בקרב בצפון הרצועה",עזה
יהודה נתן כהן,"מפקד פלוגה בסיירת גבעתי, נפל בקרב בצפון רצועת עזה. הועלה מדרגת סרן לדרגת רס""ן לאחר מותו.","מ""פ בסיירת גבעתי, נהרג בקרב בצפון הרצועה",עזה
יהונתן מימון,"לוחם בסיירת נח""ל, נפל בצפון רצועת עזה. הועלה מדרגת רב""ט לדרגת סמל לאחר מותו.","לוחם בסיירת נח""ל, נהרג בקרב בצפון הרצועה",עזה
נערן אשחר,"בן יישוב מורשת, מפקד טנק בגדוד 71 שבעוצבת 'ברק' (188), נפטר מפצעיו לאחר שנפצע כתוצאה מהתהפכות טנק בצפון הארץ.","מפקד טנק, נהרג בהתהפכות בצפון",תאונה
שחר כהן מבטח,"לוחם שריון בגדוד 9 שבעוצבת 'עקבות הברזל' (401), נפל בקרב בצפון רצועת עזה.",נהרג בקרב בצפון הרצועה,עזה
יעקב עוזרי,"לוחם שריון בגדוד 52 שבעוצבת 'עקבות הברזל' (401), נפל בקרב בצפון רצועת עזה.","לוחם שריון, נהרג בקרב בצפון הרצועה",עזה
יונתן חצור,"לוחם ביחידת שלדג, נפל בקרב בצפון רצועת עזה.","לוחם בשלדג, נהרג בפעילות בצפון רצועת עזה",עזה
נועם יוסף אבו,"לוחם בגדוד 931, חטיבת הנח""ל, נפל בקרב בצפון רצועת עזה.","לוחם בנח""ל, נהרג בקרב בצפון הרצועה",עזה
אליהו בנימין אלמקייס,"לוחם הנדסה בגדוד 8219 שבחטיבה 551, נפל בקרב במרכז רצועת עזה. הועלה מדרגת רס""ל (במיל') לדרגת רס""ר (במיל') לאחר מותו.","לוחם הנדסה, נפל בקרב במרכז הרצועה",עזה
דב משה (דובי) כוגן,"לוחם ביחידת שלדג, נפל בקרב בעומק רצועת עזה.","לוחם בשלדג, נהרג בקרב ברצועת עזה",עזה
רוני אשל,"תצפיתנית בגדוד 414, חיל הגנת הגבולות. הועלתה מדרגת רב""ט לדרגת סמל לאחר מותה.","תצפיתנית, נהרגה במוצב נחל עוז",עוטף עזה
גילעד רוזנבליט,"חובש קרבי בגדוד 52 שבעוצבת 'עקבות הברזל' (401), נפל במהלך פעילות מבצעית בצפון רצועת עזה.",נהרג ברצועת עזה,עזה
יהונתן יצחק סמו,"לוחם בגדוד 202, בחטיבת הצנחנים, נפטר מפצעיו לאחר שנפצע בקרב במרכז רצועת עזה ב-8.11.","לוחם בצנחנים, נהרג בקרב במרכז הרצועה",עזה
מתן מאיר,"לוחם בגדוד 697 שבחטיבה 551, נפל בקרב בצפון רצועת עזה.","לוחם בעוצבת חצי האש, נהרג בקרבות בצפון הרצועה",עזה
משה ידידיה לייטר,"מ""פ בגדוד 697 שבחטיבה 551, שירת כמפקד פלגה ביחידת שלדג, נפל בקרב בצפון רצועת עזה.","מ""פ בעוצבת חצי האש, נהרג בקרבות צפון הרצועה",עזה
יוסף חיים (יוסי) הרשקוביץ,"לוחם בגדוד 697 שבחטיבה 551, נפל בקרב בצפון רצועת עזה.","לוחם בעוצבת חצי האש, נהרג בקרבות בצפון הרצועה",עזה
סרגיי שמרקין,"לוחם בגדוד 697 שבחטיבה 551, נפל בקרב בצפון רצועת עזה. הועלה מדרגת רס""ל (במיל') לדרגת רס""ר (במיל') לאחר מותו.","לוחם בעוצבת חצי האש, נהרג בקרבות בצפון הרצועה",עזה
נתנאל (נתי) הרוש,"לוחם ביחידת הסיוע המנהלתי 5084, חטיבת גבעתי, נפל במהלך פעילות מבצעית בצפון רצועת עזה. הועלה מדרגת רס""ל (במיל') לדרגת רס""ר (במיל') לאחר מותו.","לוחם בגבעתי, נהרג בפעילות מבצעית בצפון הרצועה",עזה
איתי שהם,"לוחם ביחידת אגוז, חטיבת הקומנדו, נפל בקרב בצפון רצועת עזה. הועלה מדרגת סמל לדרגת סמ""ר לאחר מותו.","לוחם בחטיבת הקומנדו, נהרג בקרב בצפון הרצועה",עזה
יששכר נתן,"קצין לוחם ביחידת מגלן, חטיבת הקומנדו, נפל בקרב בצפון רצועת עזה.","קצין בחטיבת הקומנדו, נהרג בקרב בצפון הרצועה",עזה
רועי מרום,"מפקד כיתה בגדוד 906, ביסל״ח, שירת כלוחם בסיירת חרוב, נפל בקרב בצפון רצועת עזה.","מ""כ בביסל""ח, נהרג בקרב בצפון הרצועה",עזה
רז אבולעפיה,"לוחם בגדוד 6863, חטיבת הנגב (12), נפל בקרב בצפון רצועת עזה. הועלה מדרגת רס""ל (במיל') לדרגת רס""ר (במיל') לאחר מותו.","לוחם בחטיבה 12, נהרג בקרב בצפון הרצועה",עזה
נועה מרציאנו,"בקרית איסוף יבשתי בגדוד 414, חיל הגנת הגבולות. הועלתה מדרגת טוראי לדרגת רב""ט לאחר מותה.","בקרית איסוף יבשתי, נחטפה ונרצחה ברצועה",נרצח כאזרח
ידידיה אשר לב,"סגן מפקד פלוגה בגדוד שקד שבחטיבת גבעתי, נפל בקרב בצפון רצועת עזה. הועלה מדרגת סגן לדרגת סרן לאחר מותו.","סמ""פ בגדוד שקד, נהרג בקרב בצפון הרצועה",עזה
עמרי יוסף דוד,"סגן מפקד פלוגה בגדוד 9217 שבחטיבת הנגב (12), נפל בקרב בצפון רצועת עזה.","סמ""ט בחטיבת הנגב, נהרג בקרב בצפון הרצועה",עזה
כפיר יצחק פרנקו,"מפקד מחלקה בגדוד 52 שבעוצבת 'עקבות הברזל' (401), נפל בקרב בצפון רצועת עזה. הועלה מדרגת סגן לדרגת סרן לאחר מותו.","מ""מ בחטיבה 401, נהרג בקרב בצפון הרצועה",עזה
אסף מסטר,"מפקד מחלקה בגדוד 601 שבעוצבת 'עקבות הברזל' (401), נפל בקרב בצפון רצועת עזה. הועלה מדרגת סגן לדרגת סרן לאחר מותו.","מ""מ בחטיבה 401, נהרג בקרב בצפון הרצועה",עזה
שלמה בן נון,"סגן מפקד פלוגה בגדוד 202, חטיבת הצנחנים, נפל במהלך פעילות מבצעית בצפון רצועת עזה. הועלה מדרגת סגן לדרגת סרן לאחר מותו.","סמ""פ בצנחנים, נהרג בפעילות מבצעית בצפון הרצועה",עזה
אברהם פטנה,"לוחם בגדוד ארז, חיל המשטרה הצבאית, נפל בפיגוע במחסום המנהרות בירושלים. הועלה מדרגת טוראי לדרגת רב""ט לאחר מותו.","לוחם במשטרה הצבאית, נהרג בפיגוע בירושלים","יו""ש"
דוד (דודי) דגמי,פרמדיק בחטיבה הדרומית באוגדת עזה.,נהרג בתאונת דרכים בחזרה הביתה מהמילואים,תאונה
שלמה גורטובניק,"חובש קרבי בגדוד 46 שבעוצבת 'עקבות הברזל' (401), נפל בקרב ברצועת עזה.","חובש קרבי בגדוד 46, נהרג בקרב ברצועה",עזה
עדן פרוביזור,"מפקד מחלקה בגדוד 52 שבעוצבת 'עקבות הברזל' (401), נפל בקרב ברצועת עזה. הועלה מדרגת סגן לדרגת סרן לאחר מותו.","מפקד מחלקה בגדוד 52, נהרג בקרב ברצועה",עזה
עדי מאלכ חרב,"לוחם בסיירת נח""ל, חטיבת הנח""ל, נפל בקרב ברצועת עזה. הועלה מדרגת סמל לדרגת סמ""ר לאחר מותו.","לוחם בנח""ל, נהרג בקרב ברצועה",עזה
שחר פרידמן,"לוחם בגדוד 101, חטיבת הצנחנים, נפל בקרב ברצועת עזה.","לוחם בגדוד 101, נהרג בקרב ברצועה",עזה
ג'מאל עבאס,"מפקד פלוגה בגדוד 101 שבחטיבת הצנחנים, נפל בקרב ברצועת עזה. הועלה מדרגת סרן לדרגת רס""ן לאחר מותו.","מפקד פלוגה בגדוד 101, נהרג בקרב ברצועה",עזה
רועי ביבר,"מפקד צוות ביחידת יהל""ם, נפל בקרב בצפון רצועת עזה.","מפקד ביהל""ם, נהרג בקרב בצפון הרצועה",עזה
בנימין מאיר ארלי,"לוחם בגדוד 101 שבחטיבת הצנחנים, נפל בקרב בצפון רצועת עזה. הועלה מדרגת רב""ט לדרגת סמל לאחר מותו. ","לוחם בצנחנים, נהרג בקרב בצפון הרצועה",עזה
יקיר ביטון,"לוחם בבגדוד 8717, חטיבה 261, נפל בקרב בצפון רצועת עזה.","לוחם בחטיבה 261, נהרג בקרב בצפון הרצועה",עזה
רני טחן,"סמב""ץ בגדוד 8717, חטיבה 261, נפל בקרב בצפון רצועת עזה.","סמב""ץ בחטיבה 261, נהרג בקרב בצפון הרצועה",עזה
חן יהלום,"קצין בגדוד 8159 של חיל התותחנים. הועלה מדרגת סרן (במיל') לדרגת רס""ן (במיל') לאחר מותו.",יצא להתרעננות של 24 שעות ונהרג בתאונה מפגיעת רכב במהלך אימון רכיבת אופניים סמוך לחולון,תאונה
גל מישאלוף,"לוחם בגדוד צבר, חטיבת גבעתי, נפל בקרב ברצועת עזה.","לוחם בחטיבת גבעתי, נהרג בקרב בצפון הרצועה",עזה
אדיר פורטוגל,"קצין בגדוד שקד, חטיבת גבעתי, נפל בקרב ברצועת עזה. הועלה מדרגת סגן (במיל') לדרגת סרן (במיל') לאחר מותו.","קצין בחטיבת גבעתי, נהרג בקרב בצפון הרצועה",עזה
ינון תמיר,"לוחם בגדוד 890, חטיבת הצנחנים, נפל בקרב בצפון&nbsp;רצועת&nbsp;עזה.","לוחם צנחנים, נהרג בקרב בצפון הרצועה",עזה
דביר ברזני,"לוחם בגדוד 890, חטיבת הצנחנים, נפל בקרב בצפון רצועת עזה.","לוחם צנחנים, נהרג בקרב בצפון הרצועה",עזה
איתן דישון,"לוחם בסיירת גבעתי, חטיבת גבעתי, נפל בקרב בצפון רצועת עזה. הועלה מדרגת סמל לדרגת סמ""ר לאחר מותו.","לוחם בגבעתי, נהרג בקרב בצפון הרצועה",עזה
איליה סנקין,"לוחם בגדוד רותם שבחטיבת גבעתי, נפל בקרב בצפון רצועת עזה. הועלה מדרגת סמל לדרגת סמ""ר לאחר מותו. ","לוחם בגבעתי, נהרג בקרב בצפון הרצועה",עזה
ארנון משה אברהם בנבניסטי וספי,"קצין לוחם בסיירת גבעתי שבחטיבת גבעתי, נפל בקרב בצפון רצועת עזה.","קצין בגבעתי, נהרג בקרב בצפון הרצועה",עזה
לירון שניר,"מפקד צוות בסיירת גולני, חטיבת גולני, נפל בקרב בצפון רצועת עזה. הועלה מדרגת סגן לדרגת סרן לאחר מותו.","לוחם בסיירת גולני, נהרג בקרב בצפון הרצועה",עזה
איתן דב רוזנצוויג,"לוחם בגדוד שקד שבחטיבת גבעתי, נפל בקרב בצפון רצועת עזה. הועלה מדרגת סמל לדרגת סמ""ר לאחר מותו. ","לוחם בגבעתי, נהרג בקרב בצפון הרצועה",עזה
תומר יעקב אחימס,"קשר מפקד חטיבה, חלל צה""ל חטוף בידי ארגון טרור. הועלה מדרגת סמל לדרגת סמ""ר לאחר מותו.","קשר מפקד חטיבה, חלל צה""ל חטוף",עוטף עזה
קיריל ברודסקי,"חפ""ק מפקד חטיבה, חלל צה""ל חטוף בידי ארגון טרור. הועלה מדרגת רב""ט לדרגת סמל לאחר מותו.","חפ""ק מפקד חטיבה, חלל צה""ל חטוף",עוטף עזה
שקד דהן,"לוחם בגדוד 77, עוצבת סער מגולן (7), חלל צה""ל חטוף בידי ארגון טרור. הועלה מדרגת רב""ט לדרגת סמל לאחר מותו.","לוחם בחטיבה 7, חלל צה""ל חטוף",עוטף עזה
אסף חממי,"מפקד חטיבה דרומית, נפל בקרב ב-7 באוקטובר, חלל צה""ל חטוף בידי ארגון טרור.","מפקד חטיבה דרומית, חלל צה""ל חטוף בידי ארגון טרור",עוטף עזה
אסצ'אלו סמה,"לוחם בגדוד 932, חטיבת הנח""ל, מת מפצעיו אמש לאחר שנפצע בקרב ב-14.11.23 בצפון רצועת עזה. הועלה מדרגת סמל לדרגת סמ""ר לאחר מותו.","לוחם בחטיבת הנח""ל, נהרג בקרב בצפון הרצועה",עזה
אור ברנדס,"לוחם בגדוד 82, חטיבה 7 ('עוצבת סער מגולן'), נפל בקרב במרכז רצועת עזה. הועלה מדרגת רס""ל (במיל') לדרגת רס""ר (במיל') לאחר מותו.","לוחם בחטיבה 7, נהרג בקרב במרכז הרצועה",עזה
בן זוסמן,"לוחם בחטיבה 401 ('עוצבת עקבות הברזל'), חיל ההנדסה הקרבית, נפל בקרב בצפון רצועת עזה. הועלה מדרגת סמ""ר לדרגת רס""ל (במיל') לאחר מותו.","לוחם בהנדסה קרבית, נהרג בקרב בצפון הרצועה",עזה
נריה שאער,"לוחם בגדוד 6655 שבחטיבה 55 ('עוצבת חוד החנית'), נפל בקרב בצפון רצועת עזה. הועלה מדרגת רס""ר (במיל') לדרגת רס""ם (במיל') לאחר מותו.","לוחם בעוצבת חוד החנית, נהרג בקרב במרכז הרצועה",עזה
בנימין יהושע נידהם,"לוחם בחטיבה 401 ('עוצבת עקבות הברזל'), חיל ההנדסה הקרבית, נפל בקרב בצפון רצועת עזה. הועלה מדרגת רב""ט לדרגת סמל לאחר מותו.","לוחם בהנדסה קרבית, נהרג בקרב בצפון הרצועה",עזה
תובל יעקב צנעני,"לוחם שריון בגדוד 53 שבעוצבת 'ברק' (188), נפל בקרב ברצועת עזה. הועלה מדרגת סמל לדרגת סמ""ר לאחר מותו.","לוחם שריון, נהרג בקרב ברצועה",עזה
יקיר ידידיה שינקולבסקי,"לוחם שריון בגדוד 53 שבעוצבת 'ברק' (188) נפל בקרב ברצועת עזה. הועלה מדרגת רב""ט לדרגת סמל לאחר מותו.","לוחם שריון, נהרג בקרב ברצועה",עזה
איתן פיש,"קצין שריון לוחם בגדוד 53, שבעוצבת 'ברק' (188), נפל בקרב ברצועת עזה. הועלה מדרגת סגן לדרגת סרן לאחר מותו.","קצין שריון לוחם, נהרג בקרב ברצועה",עזה
יהל גזית,"סגן מפקד פלוגה בגדוד 53, שבעוצבת 'ברק' (188), נפל בקרב ברצועת עזה. הועלה מדרגת סגן לדרגת סרן לאחר מותו.","סמ""פ בעוצבת ברק, נהרג בקרב ברצועה",עזה
גיל דניאלס,"לוחם בפלוגת סיור בגדוד 6261, חטיבה 261, נפל בקרב ברצועת עזה. הועלה מדרגת רס""ל (במיל') לדרגת רס""ר (במיל') לאחר מותו.","לוחם בחטיבה 261, נהרג בקרב ברצועה",עזה
מתן דמארי,"מפקד כיתה בפלוגת הסיור של חטיבת האש (215), נפל בקרב ברצועת עזה.","מ""כ בחטיבת האש, נהרג בקרב בצפון הרצועה",עזה
עילי אליהו כהן,"לוחם בגדוד 7008, שבעוצבת 'חצי האש' (551), נפל בקרב ברצועת עזה. הועלה מדרגת רס""ל (במיל') לדרגת רס""ר (במיל') לאחר מותו.","לוחם בעוצבת חצי האש, נהרג בקרב בצפון הרצועה",עזה
יהונתן מלכה,"לוחם שיריון בגדוד 82, שבעוצבת 'סער מגולן' (7), נפל בקרב ברצועת עזה.","לוחם בעוצבת סער מגולן, נהרג בחאן יונס",עזה
יוחאי גור הרשברג,"מפקד יחידת איתור נעדרים בעוצבת האש (אוגדה 98), נפל בתאנות דרכים צבאית בדרום הארץ.","מפקד יחידת איתור נעדרים, נהרג בתאונת דרכים צבאית בדרום",תאונה
עדי שני,"לוחם פלס""ר באגד לוגיסטי 6036, נפל בקרב ברצועת עזה.","לוחם באגד לוגיסטי, נהרג בקרב בצפון הרצועה",עזה
עמית בונצל,"לוחם וסמל מחלקה בסיירת צנחנים שבחטיבת הצנחנים, נפל בקרב במרכז רצועת עזה. הועלה מדרגת סמל לדרגת סמ""ר לאחר מותו.","לוחם בסיירת צנחנים, נהרג בקרב במרכז הרצועה",עזה
עלמנאו עמנואל פלקה,"לוחם ביחידת דובדבן שבחטיבת הקומנדו, נפטר מפצעיו לאחר שנפצע בקרב ב-5.12.23 בדרום רצועת עזה. הועלה מדרגת סמל לדרגת סמ""ר לאחר מותו.","לוחם בדובדבן, נהרג בקרב בדרום הרצועה",עזה
מאור גרשוני,"מפקד לוחם בגדוד 8173, חטיבת עציוני (6), נפל בקרב ברצועת עזה.","מפקד בחטיבת עציוני, נהרג בקרב בצפון הרצועה",עזה
גל מאיר איזנקוט,"לוחם בגדוד 699, עוצבת 'חצי האש' (551), נפל בקרב בצפון רצועת עזה.","לוחם בעוצבת חצי האש, נהרג בקרב בצפון הרצועה",עזה
יונתן דוד דיטש,"לוחם בגדוד הסיור 6623, עוצבת 'חוד החנית' (55), נפל בקרב בדרום רצועת עזה.","לוחם בעוצבת חוד החנית, נהרג בקרב בדרום הרצועה",עזה
קובי דבש,"לוחם בגדוד ההנדסה 271, חטיבת המחץ (14), נפל בקרב בדרום רצועת עזה.","לוחם בחטיבת המחץ, נהרג בקרב בדרום הרצועה",עזה
איל מאיר ברקוביץ',"לוחם בגדוד 699, עוצבת 'חצי האש' (551), נפל בקרב בצפון רצועת עזה.","לוחם בעוצבת חצי האש, נהרג בקרב בצפון הרצועה",עזה
עומרי רוט,"מפקד טנק בגדוד 53, שבעוצבת 'ברק' (188), נפל בקרב ברצועת עזה.","מפקד טנק בעוצבת ברק, נהרג בקרב בצפון הרצועה",עזה
נפתלי יונה גורדון,"לוחם שיריון בגדוד 53, שבעוצבת 'ברק' (188), נפל בקרב ברצועת עזה.","לוחם בעוצבת ברק, נהרג בקרב בצפון הרצועה",עזה
מאור כהן איזנקוט,"לוחם בגדוד 12, שבחטיבת גולני, נפל בקרב ברצועת עזה. הועלה מדרגת רב""ט לדרגת סמל לאחר מותו.",,עזה
עמרי בן שחר,"לוחם בגדוד 6623, עוצבת ׳חוד החנית׳ (55), נפל בקרב בדרום רצועת עזה. הועלה מדרגת רס""ל לדרגת רס""ר לאחר מותו.",,עזה
ליאב אטיה,"לוחם בגדוד 6623, עוצבת ׳חוד החנית׳ (55), נפל בקרב בדרום רצועת עזה. הועלה מדרגת רס""ל לדרגת רס""ר לאחר מותו.",,עזה
חיים מאיר עדן,"לוחם בגדוד 13, חטיבת גולני, נפטר מפצעיו לאחר שנפצע ב-7.10.2023.",,עוטף עזה
יונתן דין חיים,"לוחם בגדוד הנדסה 601, בעוצבת 'סער מגולן' (7), נפל בקרב בדרום רצועת עזה.",,עזה
נתנאל מנחם איתן,"צוער בגדוד גפן, בית הספר לקצינים, שירת כלוחם ביחידת 669, נפטר מפצעיו לאחר שנפצע באורח קשה ביום שישי האחרון (08.12.2023) בצפון רצועת עזה. הועלה מדרגת סמ""ר לדרגת סגן לאחר מותו.","צוער בקורס קצינים, נהרג בקרב בצפון הרצועה",עזה
